Workbook

Sheet Exercise 1
A1: k | B1: 2
A2: lambda | B2: 11
A4: u [m/s] | B4: f [-] | C4: P_wind [W/m2] | E4: Mean wind speed [m/s] | F4: =IFERROR(__xludf.DUMMYFUNCTION("AVERAGE.WEIGHTED(A5:A32,B5:B32)"),9.723852566421966) -> 9.7238526 | G4: m/s
A5: 0 | B5: =WEIBULL(A5,B$1,B$2,FALSE) -> 0 | C5: =0.5*1.225*A5^3 -> 0 | E5: Mean power density | F5: =IFERROR(__xludf.DUMMYFUNCTION("AVERAGE.WEIGHTED(C5:C32,B5:B32)"),1056.4185781791402) -> 1056.4186 | G5: W/m^2
A6: 1 | B6: =WEIBULL(A6,B$1,B$2,FALSE) -> 0.016392886 | C6: =0.5*1.225*A6^3 -> 0.6125
A7: 2 | B7: =WEIBULL(A7,B$1,B$2,FALSE) -> 0.031982895 | C7: =0.5*1.225*A7^3 -> 4.9
A8: 3 | B8: =WEIBULL(A8,B$1,B$2,FALSE) -> 0.046032333 | C8: =0.5*1.225*A8^3 -> 16.5375
A9: 4 | B9: =WEIBULL(A9,B$1,B$2,FALSE) -> 0.057926494 | C9: =0.5*1.225*A9^3 -> 39.2
A10: 5 | B10: =WEIBULL(A10,B$1,B$2,FALSE) -> 0.067217811 | C10: =0.5*1.225*A10^3 -> 76.5625
A11: 6 | B11: =WEIBULL(A11,B$1,B$2,FALSE) -> 0.073651958 | C11: =0.5*1.225*A11^3 -> 132.3
A12: 7 | B12: =WEIBULL(A12,B$1,B$2,FALSE) -> 0.07717406 | C12: =0.5*1.225*A12^3 -> 210.0875
A13: 8 | B13: =WEIBULL(A13,B$1,B$2,FALSE) -> 0.077915728 | C13: =0.5*1.225*A13^3 -> 313.6
A14: 9 | B14: =WEIBULL(A14,B$1,B$2,FALSE) -> 0.076165987 | C14: =0.5*1.225*A14^3 -> 446.5125
A15: 10 | B15: =WEIBULL(A15,B$1,B$2,FALSE) -> 0.07233085 | C15: =0.5*1.225*A15^3 -> 612.5
A16: 11 | B16: =WEIBULL(A16,B$1,B$2,FALSE) -> 0.066887171 | C16: =0.5*1.225*A16^3 -> 815.2375
A17: 12 | B17: =WEIBULL(A17,B$1,B$2,FALSE) -> 0.060336421 | C17: =0.5*1.225*A17^3 -> 1058.4
... A32: 27 | B32: =WEIBULL(A32,B$1,B$2,FALSE) -> 0.0010791302 | C32: =0.5*1.225*A32^3 -> 12055.837

Sheet Exercise 2
A1: rho_air [kg/m3] | B1: 1.225
A2: D [m] | B2: =117 -> 117
A4: u [m/s] | B4: P [kW] | C4: P_wind [kW] | D4: C_p [-] | F4: Max. Cp | G4: =max(D5:D53) -> 0.44890252
A5: 3 | B5: 12 | C5: =0.5*B$1*PI()*(B$2/2)^2*A5^3/1000 -> 177.79988 | D5: =B5/C5 -> 0.067491609
A6: 3.5 | B6: 65 | C6: =0.5*B$1*PI()*(B$2/2)^2*A6^3/1000 -> 282.33962 | D6: =B6/C6 -> 0.23021919
A7: 4 | B7: 140 | C7: =0.5*B$1*PI()*(B$2/2)^2*A7^3/1000 -> 421.45157 | D7: =B7/C7 -> 0.33218526
A8: 4.5 | B8: 230 | C8: =0.5*B$1*PI()*(B$2/2)^2*A8^3/1000 -> 600.07459 | D8: =B8/C8 -> 0.38328568
A9: 5 | B9: 336 | C9: =0.5*B$1*PI()*(B$2/2)^2*A9^3/1000 -> 823.14759 | D9: =B9/C9 -> 0.40818925
A10: 5.5 | B10: 460 | C10: =0.5*B$1*PI()*(B$2/2)^2*A10^3/1000 -> 1095.6094 | D10: =B10/C10 -> 0.41985764
A11: 6 | B11: 610 | C11: =0.5*B$1*PI()*(B$2/2)^2*A11^3/1000 -> 1422.399 | D11: =B11/C11 -> 0.42885293
A12: 6.5 | B12: 788 | C12: =0.5*B$1*PI()*(B$2/2)^2*A12^3/1000 -> 1808.4553 | D12: =B12/C12 -> 0.43573099
A13: 7 | B13: 996 | C13: =0.5*B$1*PI()*(B$2/2)^2*A13^3/1000 -> 2258.717 | D13: =B13/C13 -> 0.4409583
A14: 7.5 | B14: 1236 | C14: =0.5*B$1*PI()*(B$2/2)^2*A14^3/1000 -> 2778.1231 | D14: =B14/C14 -> 0.44490469
A15: 8 | B15: 1507 | C15: =0.5*B$1*PI()*(B$2/2)^2*A15^3/1000 -> 3371.6125 | D15: =B15/C15 -> 0.44696714
A16: 8.5 | B16: 1814 | C16: =0.5*B$1*PI()*(B$2/2)^2*A16^3/1000 -> 4044.1241 | D16: =B16/C16 -> 0.44855201
... A53: 27 | B53: 4000 | C53: =0.5*B$1*PI()*(B$2/2)^2*A53^3/1000 -> 129616.11 | D53: =B53/C53 -> 0.030860361

Sheet Exercise 3
A1: ='Exercise 1'!A4 -> u [m/s] | B1: ='Exercise 1'!B4 -> f [-] | C1: P_t [kW] | D1: P_t [kW] x f [-] | F1: P_average | G1: =sum(D2:D29) -> 2209.9475 | H1: kW
A2: ='Exercise 1'!A5 -> 0 | B2: ='Exercise 1'!B5 -> 0 | C2: 0 | D2: =C2*B2 -> 0 | F2: CF | G2: =G1/max(C2:C29) -> 0.55248687
A3: ='Exercise 1'!A6 -> 1 | B3: ='Exercise 1'!B6 -> 0.016392886 | C3: 0 | D3: =C3*B3 -> 0 | F3: AEP | G3: =G1*8760/1000000 -> 19.35914 | H3: GWh
A4: ='Exercise 1'!A7 -> 2 | B4: ='Exercise 1'!B7 -> 0.031982895 | C4: 0 | D4: =C4*B4 -> 0
A5: ='Exercise 1'!A8 -> 3 | B5: ='Exercise 1'!B8 -> 0.046032333 | C5: =vLOOKUP(A5,'Exercise 2'!A5:B52,2,true) -> 12 | D5: =C5*B5 -> 0.55238799
A6: ='Exercise 1'!A9 -> 4 | B6: ='Exercise 1'!B9 -> 0.057926494 | C6: =vLOOKUP(A6,'Exercise 2'!A6:B53,2,true) -> 140 | D6: =C6*B6 -> 8.1097092
A7: ='Exercise 1'!A10 -> 5 | B7: ='Exercise 1'!B10 -> 0.067217811 | C7: =vLOOKUP(A7,'Exercise 2'!A7:B54,2,true) -> 336 | D7: =C7*B7 -> 22.585184
A8: ='Exercise 1'!A11 -> 6 | B8: ='Exercise 1'!B11 -> 0.073651958 | C8: =vLOOKUP(A8,'Exercise 2'!A8:B55,2,true) -> 610 | D8: =C8*B8 -> 44.927694
A9: ='Exercise 1'!A12 -> 7 | B9: ='Exercise 1'!B12 -> 0.07717406 | C9: =vLOOKUP(A9,'Exercise 2'!A9:B56,2,true) -> 996 | D9: =C9*B9 -> 76.865363
A10: ='Exercise 1'!A13 -> 8 | B10: ='Exercise 1'!B13 -> 0.077915728 | C10: =vLOOKUP(A10,'Exercise 2'!A10:B57,2,true) -> 1507 | D10: =C10*B10 -> 117.419
A11: ='Exercise 1'!A14 -> 9 | B11: ='Exercise 1'!B14 -> 0.076165987 | C11: =vLOOKUP(A11,'Exercise 2'!A11:B58,2,true) -> 2155 | D11: =C11*B11 -> 164.1377
A12: ='Exercise 1'!A15 -> 10 | B12: ='Exercise 1'!B15 -> 0.07233085 | C12: =vLOOKUP(A12,'Exercise 2'!A12:B59,2,true) -> 2892 | D12: =C12*B12 -> 209.18082
A13: ='Exercise 1'!A16 -> 11 | B13: ='Exercise 1'!B16 -> 0.066887171 | C13: =vLOOKUP(A13,'Exercise 2'!A13:B60,2,true) -> 3555 | D13: =C13*B13 -> 237.78389
A14: ='Exercise 1'!A17 -> 12 | B14: ='Exercise 1'!B17 -> 0.060336421 | C14: =vLOOKUP(A14,'Exercise 2'!A14:B61,2,true) -> 3940 | D14: =C14*B14 -> 237.7255
A15: ='Exercise 1'!A18 -> 13 | B15: ='Exercise 1'!B18 -> 0.053163233 | C15: =vLOOKUP(A15,'Exercise 2'!A15:B62,2,true) -> 3998 | D15: =C15*B15 -> 212.54661
A16: ='Exercise 1'!A19 -> 14 | B16: ='Exercise 1'!B19 -> 0.04580231 | C16: =vLOOKUP(A16,'Exercise 2'!A16:B63,2,true) -> 4000 | D16: =C16*B16 -> 183.20924
... A29: ='Exercise 1'!A32 -> 27 | B29: ='Exercise 1'!B32 -> 0.0010791302 | C29: =vLOOKUP(A29,'Exercise 2'!A29:B76,2,true) -> 4000 | D29: =C29*B29 -> 4.316521
